Second,Millisecond,Depth (inches),Rate (CPM),Release Velocity (MM/S),Valid/Invalid
5,688,0.796,100,142,Valid
6,128,0.801,125,89,Valid
6,649,0.781,120,87,Valid
7,73,0.817,131,112,Valid
7,561,0.771,133,100,Valid
8,41,0.729,127,94,Valid
8,497,0.753,127,101,Valid
8,961,0.751,131,94,Valid
9,401,0.76,133,104,Valid
9,873,0.671,138,93,Valid
10,281,0.713,131,98,Valid
10,769,0.786,122,118,Valid
11,209,0.741,144,131,Valid
11,681,0.757,129,95,Valid
12,121,0.828,125,107,Valid
12,601,0.796,129,112,Valid
13,81,0.749,129,102,Valid
13,537,0.792,127,115,Valid
14,9,0.792,127,129,Valid
14,457,0.73,141,104,Valid
14,905,0.769,127,91,Valid
15,346,0.806,136,112,Valid
15,826,0.874,125,127,Valid
16,290,0.784,133,135,Valid
16,754,0.774,129,108,Valid
17,194,0.811,133,109,Valid
17,650,0.77,131,115,Valid
18,106,0.805,129,123,Valid
18,578,0.774,129,105,Valid
19,26,0.71,136,104,Valid
19,474,0.686,136,92,Valid
19,922,0.792,122,115,Valid
20,386,0.681,138,107,Valid
20,850,0.659,129,101,Valid
21,354,0.627,122,76,Valid
21,810,0.632,127,84,Valid
22,282,0.598,127,77,Valid
22,706,0.605,138,86,Valid
23,546,0.807,66,168,Valid
24,2,0.701,147,188,Valid
24,483,0.703,129,163,Valid
24,971,0.727,125,109,Valid
25,379,0.86,133,112,Valid
25,819,0.982,133,177,Valid
26,331,0.838,129,152,Valid
26,771,0.839,131,146,Valid
27,211,0.921,131,160,Valid
27,699,0.918,125,160,Valid
28,171,0.893,125,156,Valid
28,643,0.873,131,165,Valid
29,123,0.878,125,157,Valid
29,595,0.944,122,160,Valid
30,43,0.904,136,160,Valid
30,523,0.917,125,171,Valid
30,979,0.914,131,162,Valid
31,467,0.895,122,156,Valid
31,939,0.86,127,142,Valid
32,395,0.887,129,162,Valid
32,915,0.868,117,142,Valid
33,380,0.873,125,161,Valid
33,876,0.838,125,138,Valid
34,372,0.847,117,161,Valid
34,836,0.929,131,161,Valid
35,324,0.882,127,151,Valid
35,764,0.912,129,146,Valid
36,260,0.855,127,147,Valid
36,724,0.855,127,127,Valid
37,196,0.871,127,131,Valid
37,676,0.862,125,133,Valid
38,132,0.862,129,137,Valid
38,644,0.819,119,119,Valid
39,116,0.889,122,148,Valid
39,604,0.825,131,130,Valid
40,84,0.875,119,138,Valid
40,548,0.795,136,109,Valid
40,988,0.822,125,127,Valid
41,484,0.799,127,135,Valid
41,940,0.815,131,121,Valid
42,453,0.782,119,120,Valid
42,901,0.749,133,130,Valid
43,365,0.751,131,119,Valid
43,829,0.763,125,121,Valid
44,285,0.795,127,132,Valid
44,789,0.731,129,100,Valid
45,213,0.734,131,113,Valid
45,693,0.718,129,115,Valid
46,157,0.683,129,119,Valid
46,637,0.7,125,116,Valid
47,85,0.739,133,122,Valid
47,541,0.769,129,119,Valid
48,21,0.746,125,114,Valid
48,485,0.707,131,114,Valid
48,933,0.797,127,135,Valid
49,429,0.724,129,130,Valid
49,869,0.735,133,116,Valid
50,341,0.786,122,115,Valid
50,797,0.817,131,130,Valid
51,270,0.766,133,114,Valid
51,718,0.842,125,145,Valid
52,230,0.752,127,125,Valid
52,670,0.758,129,122,Valid
53,150,0.756,127,112,Valid
53,622,0.815,122,131,Valid
54,118,0.749,127,119,Valid
54,582,0.703,127,109,Valid
55,6,0.736,136,152,Valid
55,526,0.682,127,119,Valid
55,982,0.753,120,105,Valid
56,438,0.82,127,125,Valid
56,918,0.801,129,111,Valid
57,382,0.799,127,139,Valid
57,886,0.694,131,119,Valid
58,310,0.767,127,120,Valid
58,790,0.753,129,120,Valid
59,246,0.775,127,115,Valid
59,686,0.762,133,136,Valid
60,199,0.704,125,117,Valid
60,671,0.709,129,110,Valid
61,103,0.758,129,119,Valid
61,575,0.762,129,131,Valid
62,39,0.728,133,122,Valid
62,495,0.745,129,131,Valid
62,951,0.713,133,122,Valid
63,423,0.692,129,112,Valid
63,847,0.839,122,155,Valid
64,791,0.745,68,127,Valid
65,207,0.78,131,105,Valid
65,671,0.822,127,136,Valid
66,143,0.736,136,117,Valid
66,599,0.713,125,129,Valid
67,79,0.665,136,108,Valid
67,519,0.681,129,95,Valid
67,967,0.682,129,105,Valid
68,439,0.706,129,122,Valid
68,943,0.67,122,110,Valid
69,399,0.737,125,129,Valid
69,879,0.683,131,121,Valid
70,336,0.692,129,118,Valid
70,800,0.728,127,133,Valid
71,288,0.723,122,116,Valid
71,728,0.711,136,141,Valid
72,216,0.675,127,125,Valid
72,680,0.682,127,108,Valid
73,144,0.692,127,122,Valid
73,600,0.678,133,121,Valid
74,40,0.67,136,129,Valid
74,496,0.664,133,119,Valid
74,912,0.681,136,125,Valid
75,376,0.642,136,135,Valid
75,840,0.715,122,111,Valid
76,288,0.708,138,124,Valid
76,752,0.713,129,117,Valid
77,208,0.709,131,129,Valid
77,648,0.718,133,130,Valid
78,104,0.678,138,125,Valid
78,552,0.683,131,110,Valid
79,0,0.674,133,116,Valid
79,425,0.687,136,116,Valid
79,889,0.669,131,125,Valid
80,345,0.687,131,129,Valid
80,809,0.713,127,138,Valid
81,265,0.721,133,133,Valid
81,737,0.753,127,126,Valid
82,201,0.776,127,137,Valid
82,697,0.716,125,125,Valid
83,153,0.74,125,131,Valid
83,617,0.716,136,140,Valid
84,97,0.711,125,118,Valid
84,585,0.694,117,105,Valid
85,65,0.629,131,135,Valid
85,545,0.683,119,105,Valid
86,1,0.702,129,121,Valid
86,482,0.642,133,122,Valid
86,906,0.747,131,146,Valid
87,401,0.679,133,121,Valid
87,825,0.672,136,122,Valid
88,290,0.679,127,108,Valid
88,762,0.629,129,94,Valid
89,202,0.699,129,125,Valid
89,754,0.61,117,112,Valid
90,178,0.632,133,115,Valid
90,626,0.608,138,105,Valid
91,90,0.582,125,102,Valid
91,538,0.612,131,114,Valid
92,474,0.564,66,100,Valid
92,914,0.574,129,105,Valid
93,354,0.598,133,139,Valid
94,306,0.614,64,111,Valid
94,754,0.713,127,115,Valid
95,211,0.688,131,112,Valid
95,675,0.633,138,112,Valid
96,146,0.618,127,118,Valid
96,602,0.674,125,121,Valid
97,98,0.655,122,95,Valid
97,539,0.691,131,135,Valid
98,19,0.683,129,116,Valid
98,467,0.674,131,124,Valid
98,947,0.633,131,107,Valid
99,411,0.637,125,124,Valid
99,859,0.642,129,116,Valid
100,331,0.642,129,113,Valid
100,787,0.614,138,109,Valid
101,267,0.582,125,94,Valid
101,699,0.63,133,107,Valid
102,179,0.657,122,114,Valid
102,667,0.621,127,108,Valid
103,99,0.67,131,134,Valid
103,587,0.615,133,123,Valid
104,19,0.606,138,109,Valid
104,435,0.628,138,96,Valid
104,891,0.688,127,126,Valid
105,371,0.706,125,146,Valid
105,867,0.794,117,142,Valid
106,803,0.679,67,133,Valid
107,252,0.646,127,93,Valid
107,716,0.698,122,104,Valid
108,236,0.642,120,122,Valid
108,708,0.601,131,114,Valid
109,172,0.588,131,112,Valid
109,636,0.604,125,100,Valid
110,68,0.638,136,129,Valid
110,500,0.614,141,107,Valid
110,988,0.613,120,105,Valid
111,436,0.608,136,109,Valid
111,900,0.606,131,111,Valid
112,316,0.734,125,149,Valid
113,324,0.665,64,119,Valid
113,748,0.673,127,92,Valid
114,196,0.769,127,137,Valid
115,588,0.71,44,131,Valid
116,20,0.703,131,109,Valid
116,469,0.664,133,113,Valid
116,925,0.676,133,139,Valid
117,373,0.598,144,106,Valid
117,781,0.595,147,111,Valid
118,237,0.601,129,98,Valid
118,717,0.611,125,104,Valid
119,125,0.658,136,127,Valid
119,613,0.582,138,107,Valid
120,533,0.663,61,122,Valid
120,965,0.652,136,128,Valid
121,925,0.631,64,132,Valid
122,333,0.713,127,151,Valid
122,829,0.693,136,150,Valid
123,277,0.744,131,120,Valid
123,733,0.771,122,137,Valid
124,277,0.675,119,138,Valid
124,733,0.636,136,123,Valid
125,150,0.709,133,142,Valid
125,614,0.739,127,142,Valid
126,142,0.731,113,132,Valid
126,638,0.685,125,130,Valid
127,134,0.649,122,108,Valid
127,622,0.678,117,114,Valid
128,94,0.658,129,124,Valid
128,614,0.628,120,115,Valid
129,94,0.648,120,100,Valid
129,550,0.67,127,112,Valid
130,102,0.657,108,123,Valid
130,614,0.632,125,118,Valid
131,62,0.63,129,113,Valid
131,526,0.66,131,115,Valid
132,14,0.764,115,148,Valid
132,502,0.72,131,137,Valid
132,998,0.684,122,118,Valid
133,470,0.726,117,124,Valid
134,6,0.732,113,131,Valid
134,511,0.727,120,120,Valid
134,951,0.758,131,148,Valid
135,455,0.689,131,115,Valid
135,919,0.747,120,119,Valid
136,383,0.828,125,141,Valid
136,879,0.795,127,134,Valid
137,383,0.774,119,133,Valid
137,839,0.792,127,135,Valid
138,327,0.834,125,129,Valid
138,855,0.868,107,134,Valid
139,383,0.815,122,129,Valid
139,863,0.8,125,137,Valid
140,327,0.78,127,120,Valid
140,823,0.878,115,127,Valid
141,319,0.819,122,132,Valid
141,855,0.791,115,112,Valid
142,375,0.847,110,126,Valid
142,919,0.798,113,131,Valid
143,448,0.738,115,109,Valid
143,960,0.806,117,113,Valid
144,440,0.869,119,137,Valid
144,968,0.794,120,133,Valid
145,464,0.793,120,135,Valid
145,968,0.901,110,132,Valid
146,480,0.863,122,132,Valid
147,8,0.895,110,140,Valid
147,520,0.857,122,126,Valid
148,48,0.828,111,114,Valid
148,576,0.84,108,116,Valid
149,144,0.798,108,115,Valid
149,688,0.78,111,105,Valid
150,200,0.826,111,117,Valid
150,728,0.774,119,117,Valid
151,256,0.781,113,117,Valid
151,752,0.769,119,113,Valid
152,297,0.783,108,112,Valid
152,841,0.794,111,117,Valid
153,361,0.787,115,113,Valid
153,873,0.794,119,118,Valid
154,401,0.801,111,115,Valid
154,937,0.79,111,117,Valid
155,505,0.807,104,115,Valid
156,33,0.813,115,121,Valid
156,585,0.835,107,116,Valid
157,121,0.789,117,100,Valid
157,601,0.793,120,116,Valid
158,145,0.741,113,109,Valid
158,657,0.754,115,109,Valid
159,193,0.797,107,109,Valid
159,737,0.77,115,108,Valid
160,241,0.76,117,116,Valid
160,769,0.768,117,109,Valid
161,273,0.768,117,110,Valid
161,801,0.75,115,109,Valid
162,298,0.759,120,111,Valid
162,810,0.753,117,101,Valid
163,282,0.741,122,112,Valid
164,330,0.782,55,142,Valid
165,378,0.816,58,96,Valid
165,842,0.811,120,107,Valid
166,346,0.784,122,119,Valid
166,906,0.743,115,105,Valid
167,426,0.726,113,103,Valid
167,930,0.723,117,103,Valid
168,458,0.754,111,108,Valid
168,994,0.736,113,118,Valid
169,554,0.736,108,108,Valid
170,82,0.794,110,104,Valid
170,594,0.821,117,113,Valid
171,147,0.84,108,124,Valid
171,691,0.729,115,109,Valid
172,267,0.781,100,99,Valid
172,811,0.834,107,116,Valid
173,347,0.816,119,121,Valid
173,803,0.809,129,128,Valid
174,299,0.795,122,123,Valid
174,795,0.83,117,138,Valid
175,315,0.808,115,116,Valid
175,835,0.814,119,116,Valid
176,355,0.742,115,91,Valid
176,891,0.788,107,146,Valid
177,427,0.779,115,132,Valid
177,939,0.772,119,119,Valid
178,443,0.807,117,113,Valid
178,947,0.82,115,112,Valid
179,491,0.779,113,125,Valid
180,27,0.739,113,122,Valid
180,516,0.781,120,129,Valid
180,996,0.854,122,139,Valid
181,500,0.854,120,133,Valid
182,28,0.864,111,129,Valid
182,556,0.84,115,140,Valid
183,84,0.793,113,107,Valid
183,580,0.801,120,137,Valid
184,132,0.752,111,99,Valid
184,620,0.834,115,128,Valid
185,156,0.805,117,129,Valid
185,668,0.805,117,122,Valid
186,148,0.807,125,127,Valid
186,692,0.904,104,152,Valid
187,188,0.963,120,170,Valid
187,732,0.894,113,149,Valid
188,276,0.86,111,110,Valid
188,780,0.92,113,133,Valid
189,301,0.891,117,136,Valid
189,853,0.876,111,133,Valid
190,349,0.893,117,138,Valid
190,869,0.937,115,149,Valid
191,397,0.897,117,134,Valid
191,909,0.9,113,132,Valid
192,445,0.866,111,110,Valid
192,973,0.85,111,119,Valid
193,541,0.873,107,126,Valid
194,101,0.854,108,126,Valid
194,613,0.817,119,114,Valid
195,101,0.849,120,125,Valid
195,629,0.86,111,130,Valid
196,173,0.842,111,120,Valid
196,717,0.883,108,130,Valid
197,261,0.878,110,132,Valid
197,749,0.834,131,129,Valid
198,229,0.896,119,139,Valid
198,709,0.883,127,134,Valid
199,206,0.803,125,110,Valid
199,686,0.784,120,117,Valid
200,206,0.887,111,147,Valid
200,702,0.829,129,134,Valid
201,182,0.866,120,126,Valid
201,734,0.973,108,142,Valid
202,470,0.786,81,93,Valid
202,870,0.791,133,135,Valid
207,750,0.795,12,170,Valid
208,663,0.764,68,99,Valid
209,63,0.767,133,115,Valid
209,479,0.678,147,135,Valid
209,967,0.647,133,129,Valid
210,407,0.632,136,112,Valid
210,839,0.65,131,86,Valid
211,263,0.724,136,111,Valid
211,735,0.729,127,117,Valid
212,711,0.687,64,95,Valid
213,159,0.7,122,88,Valid
213,647,0.679,125,119,Valid
214,135,0.632,131,97,Valid
214,599,0.643,125,88,Valid
215,63,0.716,127,107,Valid
215,567,0.757,117,115,Valid
216,55,0.757,125,101,Valid
216,527,0.767,129,113,Valid
217,7,0.8,122,126,Valid
217,496,0.722,127,112,Valid
217,976,0.754,119,106,Valid
218,464,0.725,127,95,Valid
218,944,0.682,131,79,Valid
219,384,0.726,122,98,Valid
219,872,0.695,131,97,Valid
220,328,0.668,131,89,Valid
220,816,0.614,129,70,Valid
221,256,0.613,127,75,Valid
221,728,0.623,127,80,Valid
222,208,0.64,125,98,Valid
222,688,0.601,131,102,Valid
223,144,0.628,127,103,Valid
223,608,0.633,131,90,Valid
224,48,0.68,129,88,Valid
224,512,0.671,129,91,Valid
224,968,0.637,133,96,Valid
225,456,0.626,127,84,Valid
225,928,0.636,122,97,Valid
226,393,0.701,127,96,Valid
226,881,0.733,120,89,Valid
227,369,0.71,125,100,Valid
227,865,0.696,125,94,Valid
228,305,0.709,127,107,Valid
228,817,0.658,129,82,Valid
229,273,0.701,119,93,Valid
229,777,0.658,125,86,Valid
230,241,0.664,129,86,Valid
230,729,0.68,119,87,Valid
231,233,0.679,117,84,Valid
231,729,0.684,120,104,Valid
232,257,0.611,129,77,Valid
232,713,0.625,120,69,Valid
233,185,0.679,120,84,Valid
233,689,0.623,129,91,Valid
234,177,0.586,122,85,Valid
234,657,0.573,127,74,Valid
235,113,0.655,120,90,Valid
235,721,0.628,100,117,Valid
236,522,0.579,78,84,Valid
236,898,0.598,144,79,Valid
237,330,0.634,144,101,Valid
238,202,0.578,72,97,Valid
238,594,0.558,141,79,Valid
238,994,0.572,150,82,Valid
239,394,0.559,150,89,Valid
239,826,0.569,136,99,Valid
240,274,0.547,147,93,Valid
240,674,0.569,141,87,Valid
241,82,0.577,147,88,Valid
241,490,0.563,144,89,Valid
241,914,0.559,144,92,Valid
242,338,0.572,141,91,Valid
242,754,0.605,138,94,Valid
243,226,0.589,131,88,Valid
243,674,0.566,136,78,Valid
244,82,0.599,138,91,Valid
244,538,0.598,136,90,Valid
244,970,0.602,136,91,Valid
245,427,0.594,136,85,Valid
245,827,0.616,141,93,Valid
246,283,0.569,141,80,Valid
246,675,0.571,144,82,Valid
247,99,0.606,138,103,Valid
247,563,0.585,136,84,Valid
248,3,0.665,125,106,Valid
248,459,0.649,141,97,Valid
248,915,0.67,127,91,Valid
249,331,0.736,136,126,Valid
249,811,0.767,131,115,Valid
250,243,0.812,133,132,Valid
250,739,0.729,131,107,Valid
251,171,0.705,131,89,Valid
251,627,0.71,129,83,Valid
252,83,0.716,133,89,Valid
252,539,0.662,133,101,Valid
252,987,0.613,138,91,Valid
253,419,0.613,136,94,Valid
253,851,0.584,141,79,Valid
254,276,0.586,138,85,Valid
254,676,0.607,138,97,Valid
255,132,0.591,141,96,Valid
255,996,0.591,69,87,Valid
256,820,0.564,71,84,Valid
257,668,0.594,70,103,Valid
258,84,0.593,147,107,Valid
258,540,0.647,127,100,Valid
258,972,0.639,144,107,Valid
259,428,0.614,136,93,Valid
259,876,0.633,129,92,Valid
260,380,0.58,129,78,Valid
260,804,0.609,127,102,Valid
261,244,0.614,138,94,Valid
261,652,0.639,144,115,Valid
262,132,0.581,141,103,Valid
263,4,0.588,66,81,Valid
263,413,0.661,131,94,Valid
263,885,0.642,133,111,Valid
264,333,0.607,138,125,Valid
265,213,0.679,66,92,Valid
265,597,0.631,153,107,Valid
266,277,0.855,86,163,Valid
266,853,0.771,115,126,Valid
267,333,0.817,117,109,Valid
267,789,0.853,127,139,Valid
268,333,0.782,117,109,Valid
268,829,0.692,122,106,Valid
269,229,0.756,136,139,Valid
269,749,0.73,122,126,Valid
270,229,0.721,127,114,Valid
270,677,0.738,129,104,Valid
271,158,0.766,120,118,Valid
271,638,0.719,129,116,Valid
272,94,0.758,131,119,Valid
272,533,0.787,131,147,Valid
272,997,0.743,136,152,Valid
273,422,0.691,147,115,Valid
273,870,0.819,120,114,Valid
274,414,0.904,108,142,Valid
274,934,0.862,119,161,Valid
275,414,0.741,136,157,Valid
276,326,0.808,63,94,Valid
276,790,0.774,125,100,Valid
277,262,0.722,131,115,Valid
277,734,0.659,133,115,Valid
278,174,0.653,133,112,Valid
278,638,0.659,129,96,Valid
279,110,0.683,122,103,Valid
279,590,0.678,129,107,Valid
280,70,0.665,125,107,Valid
280,542,0.637,131,100,Valid
281,14,0.67,120,89,Valid
281,454,0.672,133,109,Valid
281,934,0.614,136,100,Valid
282,415,0.658,119,101,Valid
282,871,0.674,129,91,Valid
283,335,0.657,131,100,Valid
283,791,0.655,131,100,Valid
284,279,0.635,127,96,Valid
284,679,0.684,138,110,Valid
285,71,0.598,159,93,Valid
285,503,0.614,138,99,Valid
285,943,0.584,141,86,Valid
286,367,0.576,138,95,Valid
286,775,0.597,141,98,Valid
287,199,0.643,138,113,Valid
287,639,0.596,153,101,Valid
288,15,0.555,153,76,Valid
288,399,0.631,144,79,Valid
288,807,0.672,144,99,Valid
289,271,0.632,138,100,Valid
289,679,0.633,141,113,Valid
290,527,0.629,71,104,Valid
290,975,0.615,136,81,Valid
291,360,0.655,144,89,Valid
292,568,0.709,48,103,Valid
293,8,0.624,147,98,Valid
293,440,0.565,144,86,Valid
294,728,0.665,44,74,Valid
295,176,0.603,144,78,Valid
295,632,0.588,131,85,Valid
296,80,0.578,138,80,Valid
296,488,0.603,144,92,Valid
297,376,0.597,70,80,Valid
297,760,0.599,136,82,Valid
302,793,0.645,11,67,Valid
303,233,0.584,141,59,Valid
305,377,0.633,27,68,Valid
307,865,0.599,24,81,Valid
309,994,0.605,28,71,Valid
311,266,0.568,47,55,Valid
313,722,0.548,24,71,Valid
328,764,0.619,3,92,Valid
329,652,0.659,66,68,Valid
330,68,0.624,138,73,Valid
330,500,0.599,138,90,Valid
330,964,0.56,136,93,Valid
331,428,0.608,129,96,Valid
331,884,0.621,133,84,Valid
332,332,0.662,133,80,Valid
332,724,0.692,138,87,Valid
333,164,0.603,144,81,Valid
333,612,0.575,138,75,Valid
334,4,0.601,141,85,Valid
334,436,0.565,144,85,Valid
334,868,0.539,141,77,Valid
335,716,0.613,68,76,Valid
337,453,0.613,34,84,Valid
338,381,0.564,66,67,Valid
338,821,0.54,131,66,Valid
340,109,0.589,44,100,Valid
341,461,0.549,46,68,Valid
343,149,0.596,34,83,Valid
344,493,0.605,45,67,Valid
346,645,0.694,27,83,Valid
348,398,0.624,35,77,Valid
350,94,0.576,35,64,Valid
351,846,0.564,35,72,Valid
354,262,0.738,24,183,Valid
354,750,0.669,141,125,Valid
355,238,0.844,120,119,Valid
355,606,0.861,147,115,Valid
356,62,0.96,125,144,Valid
356,535,0.867,131,143,Valid
356,967,0.79,144,149,Valid
357,431,0.716,133,128,Valid
357,863,0.734,138,120,Valid
358,343,0.774,125,103,Valid
358,807,0.848,125,117,Valid
359,271,0.796,131,120,Valid
359,767,0.757,127,118,Valid
360,223,0.725,129,101,Valid
360,655,0.731,133,104,Valid
361,119,0.727,131,118,Valid
361,591,0.731,127,110,Valid
362,31,0.755,133,133,Valid
362,487,0.77,136,135,Valid
362,871,0.721,153,111,Valid
363,327,0.771,131,117,Valid
363,751,0.764,141,113,Valid
364,159,0.724,144,118,Valid
364,632,0.702,131,107,Valid
365,72,0.705,133,114,Valid
365,512,0.69,136,119,Valid
365,936,0.704,141,120,Valid
366,352,0.693,144,124,Valid
366,824,0.747,122,119,Valid
367,264,0.702,144,108,Valid
367,680,0.678,141,106,Valid
368,120,0.694,136,114,Valid
368,528,0.668,147,103,Valid
368,968,0.683,138,108,Valid
369,392,0.673,138,118,Valid
369,816,0.66,144,113,Valid
370,232,0.655,141,110,Valid
370,648,0.682,144,112,Valid
371,72,0.659,144,105,Valid
371,480,0.659,144,117,Valid
371,928,0.699,133,120,Valid
372,360,0.695,138,110,Valid
372,768,0.7,147,106,Valid
373,192,0.671,144,102,Valid
373,600,0.648,144,105,Valid
374,24,0.64,144,99,Valid
374,433,0.675,141,109,Valid
374,881,0.621,147,106,Valid
375,281,0.615,138,96,Valid
375,713,0.643,141,92,Valid
376,153,0.667,133,103,Valid
376,585,0.613,144,98,Valid
376,993,0.657,141,112,Valid
377,433,0.667,138,107,Valid
377,833,0.691,141,112,Valid
378,305,0.651,138,109,Valid
378,665,0.72,147,136,Valid
379,121,0.693,141,125,Valid
379,561,0.696,136,108,Valid
379,977,0.761,138,115,Valid
380,393,0.809,138,138,Valid
380,881,0.665,141,114,Valid
381,281,0.689,131,111,Valid
381,737,0.641,141,97,Valid
382,153,0.614,144,87,Valid
382,586,0.624,138,87,Valid
382,978,0.613,147,96,Valid
383,418,0.579,144,85,Valid
383,810,0.599,144,97,Valid
384,234,0.61,141,97,Valid
384,658,0.605,144,91,Valid
385,74,0.606,141,100,Valid
385,514,0.613,141,102,Valid
385,914,0.623,144,98,Valid
386,338,0.601,147,92,Valid
386,738,0.634,144,97,Valid
387,170,0.615,144,94,Valid
387,546,0.632,150,109,Valid
387,970,0.61,150,103,Valid
388,386,0.576,147,93,Valid
388,778,0.62,144,101,Valid
389,170,0.644,147,109,Valid
389,618,0.622,144,103,Valid
390,42,0.609,141,96,Valid
390,442,0.625,144,93,Valid
390,866,0.621,144,103,Valid
391,290,0.606,141,100,Valid
391,706,0.587,147,100,Valid
392,523,0.649,71,100,Valid
392,947,0.578,153,90,Valid
393,347,0.593,141,91,Valid
393,763,0.586,150,91,Valid
394,171,0.614,138,103,Valid
394,587,0.599,150,103,Valid
394,995,0.615,144,104,Valid
395,427,0.65,136,100,Valid
395,875,0.709,131,119,Valid
396,307,0.698,141,112,Valid
396,755,0.675,138,110,Valid
397,179,0.686,136,110,Valid
397,603,0.672,141,109,Valid
398,43,0.676,138,107,Valid
398,475,0.674,138,104,Valid
398,891,0.701,141,114,Valid
399,339,0.644,141,101,Valid
399,739,0.663,141,107,Valid
400,163,0.663,141,109,Valid
400,604,0.643,138,103,Valid
401,20,0.644,144,109,Valid
401,483,0.605,144,93,Valid
401,867,0.583,147,85,Valid
402,268,0.624,138,89,Valid
402,660,0.668,147,115,Valid
403,116,0.658,138,120,Valid
403,556,0.62,147,110,Valid
403,980,0.627,138,89,Valid
404,332,0.745,144,124,Valid
404,788,0.659,147,114,Valid
405,220,0.609,147,101,Valid
405,620,0.622,144,95,Valid
406,12,0.664,144,94,Valid
406,436,0.632,144,92,Valid
406,852,0.705,138,126,Valid
407,324,0.708,133,113,Valid
407,732,0.72,144,111,Valid
408,140,0.756,141,122,Valid
408,556,0.72,147,113,Valid
408,988,0.707,141,119,Valid
409,404,0.659,150,106,Valid
409,788,0.652,153,95,Valid
410,204,0.681,138,100,Valid
410,612,0.68,144,112,Valid
411,36,0.679,150,117,Valid
411,453,0.655,147,106,Valid
411,829,0.658,153,112,Valid
412,237,0.619,150,101,Valid
412,637,0.659,144,115,Valid
413,61,0.64,150,100,Valid
413,461,0.608,147,92,Valid
413,861,0.635,144,105,Valid
414,261,0.639,150,115,Valid
414,701,0.636,144,110,Valid
415,101,0.687,141,114,Valid
415,541,0.683,138,109,Valid
415,957,0.657,144,108,Valid
416,389,0.639,141,100,Valid
417,237,0.644,70,94,Valid
417,661,0.628,141,89,Valid
418,93,0.571,147,92,Valid
418,501,0.547,147,85,Valid
418,901,0.571,144,94,Valid
419,301,0.578,150,100,Valid
419,669,0.552,163,113,Valid
420,214,0.769,102,175,Valid
420,622,0.721,147,178,Valid
421,862,0.975,47,157,Valid
422,294,0.786,150,155,Valid
422,710,0.777,147,203,Valid
423,126,0.777,150,176,Valid
423,502,0.823,153,149,Valid
423,870,0.851,156,158,Valid
424,278,0.872,150,183,Valid
424,726,0.819,141,176,Valid
425,134,0.827,141,177,Valid
425,590,0.78,136,161,Valid
425,998,0.788,144,149,Valid
426,390,0.861,141,202,Valid
426,854,0.808,144,187,Valid
427,262,0.789,147,150,Valid
427,638,0.861,144,149,Valid
428,94,0.834,136,149,Valid
428,510,0.894,138,180,Valid
428,942,0.816,150,181,Valid
429,383,0.782,138,157,Valid
429,791,0.8,141,152,Valid
430,207,0.771,144,124,Valid
430,591,0.773,150,143,Valid
431,15,0.764,144,167,Valid
431,447,0.688,150,150,Valid
431,839,0.65,150,128,Valid
432,215,0.685,153,129,Valid
432,607,0.708,147,143,Valid
433,31,0.641,153,116,Valid
433,423,0.702,144,162,Valid
433,823,0.684,153,159,Valid
434,223,0.697,153,155,Valid
434,599,0.74,153,148,Valid
435,31,0.744,141,118,Valid
435,407,0.759,150,144,Valid
435,815,0.733,150,163,Valid
436,279,0.715,136,165,Valid
436,695,0.675,147,135,Valid
437,63,0.71,150,131,Valid
437,447,0.745,153,155,Valid
437,863,0.698,153,150,Valid
438,271,0.709,150,145,Valid
438,671,0.741,138,146,Valid
439,95,0.727,150,155,Valid
439,512,0.773,138,167,Valid
439,952,0.721,150,138,Valid
440,336,0.737,141,131,Valid
440,736,0.722,150,142,Valid
441,168,0.765,141,157,Valid
441,560,0.752,156,169,Valid
441,984,0.731,147,145,Valid
442,376,0.756,147,130,Valid
442,808,0.79,136,132,Valid
443,176,0.789,156,157,Valid
443,600,0.757,147,160,Valid
444,40,0.715,144,129,Valid
444,432,0.767,141,136,Valid
444,864,0.788,141,148,Valid
445,256,0.827,147,166,Valid
446,64,0.778,75,148,Valid
446,440,0.713,163,134,Valid
446,816,0.752,153,130,Valid
447,184,0.724,163,145,Valid
447,576,0.71,156,151,Valid
447,976,0.666,159,128,Valid
448,369,0.669,150,115,Valid
448,785,0.744,133,134,Valid
449,193,0.76,153,134,Valid
449,569,0.784,153,161,Valid
450,417,0.855,71,147,Valid
450,857,0.795,144,112,Valid
451,265,0.872,136,152,Valid
451,697,0.84,147,149,Valid
452,113,0.815,144,140,Valid
452,497,0.827,150,140,Valid
452,921,0.809,144,142,Valid
453,337,0.795,144,150,Valid
453,761,0.807,144,154,Valid
454,185,0.849,141,149,Valid
454,625,0.82,138,122,Valid
454,985,0.806,159,151,Valid
455,433,0.802,136,137,Valid
455,913,0.76,129,130,Valid
456,297,0.916,138,168,Valid
456,753,0.828,147,153,Valid
457,169,0.805,138,138,Valid
457,594,0.798,141,109,Valid
458,10,0.803,141,129,Valid
458,418,0.826,144,162,Valid
458,826,0.778,153,166,Valid
459,258,0.803,138,171,Valid
459,674,0.751,147,132,Valid
460,82,0.797,141,138,Valid
460,482,0.853,147,148,Valid
460,930,0.892,136,153,Valid
461,402,0.884,129,154,Valid
461,818,0.852,144,164,Valid
462,610,0.802,76,118,Valid
463,10,0.822,144,125,Valid
463,402,0.803,147,139,Valid
463,826,0.797,147,152,Valid
464,242,0.803,147,142,Valid
464,666,0.78,141,137,Valid
465,98,0.809,138,137,Valid
465,490,0.838,147,142,Valid
465,922,0.773,147,129,Valid
466,347,0.805,138,134,Valid
466,795,0.811,136,124,Valid
467,195,0.827,138,147,Valid
467,659,0.777,141,136,Valid
468,59,0.83,138,159,Valid
468,507,0.803,141,148,Valid
468,915,0.746,147,121,Valid
469,331,0.773,141,130,Valid
469,707,0.795,153,143,Valid
470,139,0.807,138,149,Valid
470,587,0.787,141,143,Valid
471,3,0.754,138,132,Valid
471,427,0.78,144,147,Valid
471,859,0.779,133,140,Valid
472,259,0.697,159,130,Valid
472,683,0.667,141,119,Valid
473,75,0.634,153,120,Valid
473,467,0.659,147,131,Valid
473,899,0.6,150,122,Valid
474,275,0.607,153,127,Valid
474,643,0.635,159,119,Valid
475,107,0.618,133,113,Valid
475,524,0.595,136,121,Valid
476,444,0.617,63,128,Valid
476,916,0.603,144,135,Valid
477,324,0.651,141,130,Valid
477,764,0.674,136,122,Valid
478,196,0.756,136,125,Valid
478,612,0.783,141,131,Valid
479,36,0.792,144,139,Valid
479,828,0.777,72,172,Valid
481,92,0.712,48,127,Valid
481,468,0.652,156,100,Valid
482,268,0.595,77,107,Valid
482,644,0.602,153,119,Valid
483,380,0.652,81,116,Valid
484,564,0.72,49,80,Valid
484,956,0.707,150,142,Valid
486,213,0.61,51,115,Valid
497,990,0.676,5,109,Valid
498,374,0.655,166,88,Valid
498,758,0.773,141,116,Valid
499,150,0.738,153,155,Valid
503,527,0.695,13,140,Valid
503,911,0.672,156,108,Valid
504,295,0.673,153,117,Valid
504,711,0.706,147,139,Valid
505,151,0.666,141,104,Valid
505,559,0.656,141,103,Valid
505,959,0.641,150,115,Valid
506,359,0.626,150,101,Valid
506,743,0.639,153,117,Valid
507,151,0.591,153,95,Valid
507,567,0.612,141,101,Valid
507,975,0.631,147,117,Valid
508,399,0.61,144,104,Valid
508,807,0.64,144,126,Valid
509,231,0.629,150,119,Valid
509,639,0.577,150,85,Valid
509,983,0.59,159,106,Valid
510,359,0.619,156,116,Valid
510,783,0.609,147,122,Valid
511,183,0.587,156,110,Valid
511,543,0.606,156,122,Valid
512,344,0.63,75,98,Valid
512,736,0.654,147,98,Valid
513,160,0.659,147,108,Valid
513,592,0.58,150,97,Valid
513,976,0.582,147,89,Valid
514,376,0.625,144,115,Valid
514,800,0.622,150,107,Valid
515,168,0.637,153,111,Valid
515,632,0.576,144,94,Valid
515,968,0.639,150,128,Valid
516,800,0.614,75,100,Valid
517,176,0.611,153,100,Valid
517,568,0.59,153,101,Valid
518,16,0.56,144,95,Valid
518,408,0.597,144,95,Valid
518,816,0.575,147,92,Valid
519,232,0.56,150,92,Valid
519,608,0.591,153,118,Valid
520,360,0.584,79,99,Valid
520,744,0.583,159,102,Valid
521,136,0.59,147,103,Valid
521,560,0.598,144,106,Valid
521,984,0.581,150,99,Valid
522,361,0.555,156,92,Valid
522,753,0.532,153,82,Valid
523,153,0.556,147,90,Valid
523,569,0.552,144,94,Valid
524,337,0.596,76,94,Valid
524,745,0.6,147,94,Valid
525,169,0.586,147,94,Valid
525,601,0.557,144,85,Valid
526,9,0.583,141,93,Valid
526,425,0.569,144,103,Valid
526,881,0.571,136,88,Valid
527,241,0.572,159,95,Valid
527,721,0.585,129,84,Valid
528,105,0.627,144,99,Valid
528,529,0.664,144,100,Valid
528,929,0.641,153,105,Valid
529,329,0.643,147,118,Valid
529,745,0.604,150,109,Valid
530,153,0.628,144,99,Valid
530,577,0.606,144,87,Valid
530,969,0.615,150,90,Valid
531,386,0.66,138,107,Valid
531,810,0.641,147,114,Valid
532,202,0.608,153,97,Valid
532,618,0.614,144,99,Valid
533,18,0.619,150,95,Valid
533,418,0.603,150,109,Valid
533,842,0.565,147,96,Valid
534,210,0.552,159,92,Valid
534,642,0.548,141,86,Valid
535,34,0.54,144,77,Valid
535,434,0.52,159,87,Valid
536,618,0.524,49,85,Valid
537,34,0.532,144,96,Valid
538,322,0.53,47,83,Valid
538,722,0.521,141,68,Valid
539,946,0.532,49,83,Valid
541,179,0.557,49,90,Valid
542,27,0.543,72,82,Valid
542,371,0.612,153,118,Valid
543,579,0.56,51,118,Valid
543,971,0.532,153,66,Valid
544,363,0.575,141,79,Valid
544,755,0.579,147,90,Valid
546,347,0.56,38,86,Valid
547,955,0.557,38,88,Valid
549,27,0.584,53,102,Valid
549,428,0.549,159,87,Valid
549,812,0.526,159,76,Valid
550,908,0.517,53,76,Valid
551,668,0.792,75,249,Valid
552,508,0.91,78,146,Valid
552,836,0.948,156,119,Valid
553,212,1.008,153,193,Valid
553,628,0.929,150,187,Valid
554,52,0.894,147,196,Valid
554,468,0.837,150,166,Valid
554,836,0.815,156,165,Valid
555,252,0.901,144,160,Valid
555,644,0.935,150,160,Valid
556,36,0.91,156,165,Valid
556,428,0.9,153,169,Valid
556,828,0.845,153,168,Valid
557,220,0.794,156,146,Valid
557,636,0.801,147,116,Valid
558,12,0.853,147,126,Valid
558,389,0.85,153,151,Valid
558,853,0.792,144,133,Valid
559,229,0.793,150,147,Valid
559,637,0.707,159,119,Valid
560,37,0.706,147,102,Valid
560,405,0.743,150,118,Valid
560,837,0.74,144,125,Valid
561,269,0.706,136,116,Valid
561,837,1.023,102,179,Valid
562,365,0.913,115,145,Valid
562,901,0.851,115,119,Valid
563,389,1.038,115,129,Valid
563,829,0.993,136,144,Valid
564,301,0.879,141,140,Valid
564,677,0.768,156,131,Valid
565,61,0.765,153,134,Valid
565,469,0.778,150,125,Valid
565,853,0.836,144,131,Valid
566,301,0.866,136,129,Valid
566,733,0.845,141,127,Valid
567,173,0.778,144,121,Valid
567,605,0.815,131,130,Valid
568,13,0.827,141,135,Valid
568,454,0.811,144,130,Valid
568,878,0.797,136,126,Valid
569,334,0.792,138,124,Valid
569,734,0.811,144,121,Valid
570,142,0.824,144,137,Valid
570,566,0.77,147,130,Valid
570,990,0.728,144,122,Valid
571,414,0.734,138,121,Valid
571,830,0.772,141,122,Valid
572,254,0.774,141,109,Valid
572,662,0.801,141,127,Valid
573,102,0.731,150,127,Valid
573,526,0.755,136,110,Valid
573,966,0.697,147,102,Valid
574,342,0.787,138,119,Valid
574,790,0.76,141,131,Valid
575,222,0.772,138,134,Valid
575,638,0.808,138,137,Valid
576,86,0.78,141,131,Valid
576,518,0.811,136,118,Valid
576,918,0.816,147,127,Valid
577,359,0.791,138,123,Valid
577,791,0.785,138,116,Valid
578,191,0.76,147,135,Valid
578,623,0.704,144,101,Valid
579,63,0.719,136,126,Valid
579,455,0.705,150,105,Valid
579,855,0.726,147,122,Valid
580,287,0.696,147,120,Valid
580,687,0.707,141,124,Valid
581,151,0.694,136,116,Valid
581,567,0.713,138,114,Valid
581,991,0.742,141,123,Valid
582,415,0.734,138,131,Valid
582,863,0.737,138,126,Valid
583,279,0.727,144,118,Valid
583,695,0.693,144,116,Valid
584,111,0.686,144,109,Valid
584,551,0.697,136,104,Valid
584,951,0.725,141,121,Valid
585,407,0.69,141,113,Valid
585,831,0.744,133,111,Valid
586,280,0.757,133,122,Valid
586,728,0.69,144,105,Valid
587,160,0.668,138,84,Valid
587,560,0.741,133,103,Valid
588,56,0.69,131,96,Valid
588,504,0.709,127,103,Valid
588,960,0.709,133,126,Valid
589,384,0.607,150,114,Valid
589,816,0.643,133,112,Valid
590,248,0.686,138,96,Valid
590,656,0.74,136,113,Valid
591,112,0.75,141,117,Valid
591,544,0.738,133,109,Valid
591,992,0.724,136,127,Valid
592,864,0.716,69,103,Valid
593,264,0.717,144,88,Valid
593,680,0.756,138,121,Valid
594,144,0.697,138,106,Valid
594,624,0.679,129,98,Valid
595,24,0.767,136,119,Valid
595,441,0.757,141,120,Valid
596,369,0.726,66,99,Valid
596,809,0.783,127,84,Valid
597,273,0.788,131,107,Valid
597,745,0.781,127,124,Valid
598,233,0.694,136,113,Valid
598,681,0.748,125,99,Valid
599,105,0.768,136,125,Valid
599,593,0.721,127,114,Valid
600,73,0.648,129,99,Valid
600,497,0.608,144,100,Valid
601,113,0.71,89,121,Valid
